[
    {
        "code_cio": "AIN",
        "nom_pays": "",
        "url_drapeau": "https://upload.wikimedia.org/wikipedia/commons/thumb/0/0c/Flag_of_the_Individual_Neutral_Athletes_at_the_2024_Summer_Olympics.svg/40px-Flag_of_the_Individual_Neutral_Athletes_at_the_2024_Summer_Olympics.svg.png"
    },
    {
        "code_cio": "COR",
        "nom_pays": "",
        "url_drapeau": "https://upload.wikimedia.org/wikipedia/commons/thumb/8/8a/Unification_flag_of_Korea.svg/40px-Unification_flag_of_Korea.svg.png"
    },
    {
        "code_cio": "EOR",
        "nom_pays": "",
        "url_drapeau": "https://upload.wikimedia.org/wikipedia/commons/thumb/a/a7/Olympic_flag.svg/40px-Olympic_flag.svg.png"
    },
    {
        "code_cio": "EUN",
        "nom_pays": "",
        "url_drapeau": "https://upload.wikimedia.org/wikipedia/commons/thumb/a/a7/Olympic_flag.svg/40px-Olympic_flag.svg.png"
    },
    {
        "code_cio": "OAR",
        "nom_pays": "",
        "url_drapeau": "https://upload.wikimedia.org/wikipedia/commons/thumb/a/a7/Olympic_flag.svg/40px-Olympic_flag.svg.png"
    },
    {
        "code_cio": "ROC",
        "nom_pays": "",
        "url_drapeau": "https://upload.wikimedia.org/wikipedia/commons/thumb/9/9f/Russian_Olympic_Committee_flag.svg/40px-Russian_Olympic_Committee_flag.svg.png"
    },
    {
        "code_cio": "ROT",
        "nom_pays": "",
        "url_drapeau": "https://upload.wikimedia.org/wikipedia/commons/thumb/a/a7/Olympic_flag.svg/40px-Olympic_flag.svg.png"
    },
    {
        "code_cio": "AFG",
        "nom_pays": "Afghanistan(2013-)",
        "url_drapeau": "https://upload.wikimedia.org/wikipedia/commons/thumb/5/5c/Flag_of_the_Taliban.svg/100px-Flag_of_the_Taliban.svg.png"
    },
    {
        "code_cio": "ALB",
        "nom_pays": "Albanie",
        "url_drapeau": "https://upload.wikimedia.org/wikipedia/commons/thumb/3/36/Flag_of_Albania.svg/100px-Flag_of_Albania.svg.png"
    },
    {
        "code_cio": "ALG",
        "nom_pays": "Algérie(1968–)",
        "url_drapeau": "https://upload.wikimedia.org/wikipedia/commons/thumb/7/77/Flag_of_Algeria.svg/100px-Flag_of_Algeria.svg.png"
    },
    {
        "code_cio": "AND",
        "nom_pays": "Andorre",
        "url_drapeau": "https://upload.wikimedia.org/wikipedia/commons/thumb/1/19/Flag_of_Andorra.svg/100px-Flag_of_Andorra.svg.png"
    },
    {
        "code_cio": "ANG",
        "nom_pays": "Angola",
        "url_drapeau": "https://upload.wikimedia.org/wikipedia/commons/thumb/9/9d/Flag_of_Angola.svg/100px-Flag_of_Angola.svg.png"
    },
    {
        "code_cio": "ANT",
        "nom_pays": "Antigua-et-Barbuda",
        "url_drapeau": "https://upload.wikimedia.org/wikipedia/commons/thumb/8/89/Flag_of_Antigua_and_Barbuda.svg/100px-Flag_of_Antigua_and_Barbuda.svg.png"
    },
    {
        "code_cio": "ARG",
        "nom_pays": "Argentine(1952–)",
        "url_drapeau": "https://upload.wikimedia.org/wikipedia/commons/thumb/1/1a/Flag_of_Argentina.svg/100px-Flag_of_Argentina.svg.png"
    },
    {
        "code_cio": "ARM",
        "nom_pays": "Arménie",
        "url_drapeau": "https://upload.wikimedia.org/wikipedia/commons/thumb/2/2f/Flag_of_Armenia.svg/100px-Flag_of_Armenia.svg.png"
    },
    {
        "code_cio": "ARU",
        "nom_pays": "Aruba",
        "url_drapeau": "https://upload.wikimedia.org/wikipedia/commons/thumb/f/f6/Flag_of_Aruba.svg/100px-Flag_of_Aruba.svg.png"
    },
    {
        "code_cio": "ASA",
        "nom_pays": "Samoa américaines",
        "url_drapeau": "https://upload.wikimedia.org/wikipedia/commons/thumb/8/87/Flag_of_American_Samoa.svg/100px-Flag_of_American_Samoa.svg.png"
    },
    {
        "code_cio": "AUS",
        "nom_pays": "Australie(1952–)",
        "url_drapeau": "https://upload.wikimedia.org/wikipedia/commons/thumb/b/b9/Flag_of_Australia.svg/100px-Flag_of_Australia.svg.png"
    },
    {
        "code_cio": "AUT",
        "nom_pays": "Autriche(1952–)",
        "url_drapeau": "https://upload.wikimedia.org/wikipedia/commons/thumb/4/41/Flag_of_Austria.svg/100px-Flag_of_Austria.svg.png"
    },
    {
        "code_cio": "AZE",
        "nom_pays": "Azerbaïdjan",
        "url_drapeau": "https://upload.wikimedia.org/wikipedia/commons/thumb/d/dd/Flag_of_Azerbaijan.svg/100px-Flag_of_Azerbaijan.svg.png"
    },
    {
        "code_cio": "BAH",
        "nom_pays": "Bahamas",
        "url_drapeau": "https://upload.wikimedia.org/wikipedia/commons/thumb/9/93/Flag_of_the_Bahamas.svg/100px-Flag_of_the_Bahamas.svg.png"
    },
    {
        "code_cio": "BAN",
        "nom_pays": "Bangladesh",
        "url_drapeau": "https://upload.wikimedia.org/wikipedia/commons/thumb/f/f9/Flag_of_Bangladesh.svg/100px-Flag_of_Bangladesh.svg.png"
    },
    {
        "code_cio": "BAR",
        "nom_pays": "Barbade(1968–)",
        "url_drapeau": "https://upload.wikimedia.org/wikipedia/commons/thumb/e/ef/Flag_of_Barbados.svg/100px-Flag_of_Barbados.svg.png"
    },
    {
        "code_cio": "BDI",
        "nom_pays": "Burundi",
        "url_drapeau": "https://upload.wikimedia.org/wikipedia/commons/thumb/5/50/Flag_of_Burundi.svg/100px-Flag_of_Burundi.svg.png"
    },
    {
        "code_cio": "BEL",
        "nom_pays": "Belgique(1952–)",
        "url_drapeau": "https://upload.wikimedia.org/wikipedia/commons/thumb/9/92/Flag_of_Belgium_%28civil%29.svg/100px-Flag_of_Belgium_%28civil%29.svg.png"
    },
    {
        "code_cio": "BEN",
        "nom_pays": "Bénin(1984–)",
        "url_drapeau": "https://upload.wikimedia.org/wikipedia/commons/thumb/0/0a/Flag_of_Benin.svg/100px-Flag_of_Benin.svg.png"
    },
    {
        "code_cio": "BER",
        "nom_pays": "Bermudes",
        "url_drapeau": "https://upload.wikimedia.org/wikipedia/commons/thumb/b/bf/Flag_of_Bermuda.svg/100px-Flag_of_Bermuda.svg.png"
    },
    {
        "code_cio": "BHU",
        "nom_pays": "Bhoutan",
        "url_drapeau": "https://upload.wikimedia.org/wikipedia/commons/thumb/9/91/Flag_of_Bhutan.svg/100px-Flag_of_Bhutan.svg.png"
    },
    {
        "code_cio": "BIH",
        "nom_pays": "Bosnie-Herzégovine",
        "url_drapeau": "https://upload.wikimedia.org/wikipedia/commons/thumb/b/bf/Flag_of_Bosnia_and_Herzegovina.svg/100px-Flag_of_Bosnia_and_Herzegovina.svg.png"
    },
    {
        "code_cio": "BIZ",
        "nom_pays": "Belize(1976–)",
        "url_drapeau": "https://upload.wikimedia.org/wikipedia/commons/thumb/e/e7/Flag_of_Belize.svg/100px-Flag_of_Belize.svg.png"
    },
    {
        "code_cio": "BLR",
        "nom_pays": "Biélorussie(1996–)",
        "url_drapeau": "https://upload.wikimedia.org/wikipedia/commons/thumb/8/85/Flag_of_Belarus.svg/100px-Flag_of_Belarus.svg.png"
    },
    {
        "code_cio": "BOL",
        "nom_pays": "Bolivie",
        "url_drapeau": "https://upload.wikimedia.org/wikipedia/commons/thumb/4/48/Flag_of_Bolivia.svg/100px-Flag_of_Bolivia.svg.png"
    },
    {
        "code_cio": "BOT",
        "nom_pays": "Botswana",
        "url_drapeau": "https://upload.wikimedia.org/wikipedia/commons/thumb/f/fa/Flag_of_Botswana.svg/100px-Flag_of_Botswana.svg.png"
    },
    {
        "code_cio": "BRA",
        "nom_pays": "Brésil",
        "url_drapeau": "https://upload.wikimedia.org/wikipedia/commons/thumb/0/05/Flag_of_Brazil.svg/100px-Flag_of_Brazil.svg.png"
    },
    {
        "code_cio": "BRN",
        "nom_pays": "Bahreïn",
        "url_drapeau": "https://upload.wikimedia.org/wikipedia/commons/thumb/2/2c/Flag_of_Bahrain.svg/100px-Flag_of_Bahrain.svg.png"
    },
    {
        "code_cio": "BRU",
        "nom_pays": "Brunei",
        "url_drapeau": "https://upload.wikimedia.org/wikipedia/commons/thumb/9/9c/Flag_of_Brunei.svg/100px-Flag_of_Brunei.svg.png"
    },
    {
        "code_cio": "BUL",
        "nom_pays": "Bulgarie",
        "url_drapeau": "https://upload.wikimedia.org/wikipedia/commons/thumb/9/9a/Flag_of_Bulgaria.svg/100px-Flag_of_Bulgaria.svg.png"
    },
    {
        "code_cio": "BUR",
        "nom_pays": "Burkina Faso",
        "url_drapeau": "https://upload.wikimedia.org/wikipedia/commons/thumb/3/31/Flag_of_Burkina_Faso.svg/100px-Flag_of_Burkina_Faso.svg.png"
    },
    {
        "code_cio": "CAF",
        "nom_pays": "République centrafricaine",
        "url_drapeau": "https://upload.wikimedia.org/wikipedia/commons/thumb/6/6f/Flag_of_the_Central_African_Republic.svg/100px-Flag_of_the_Central_African_Republic.svg.png"
    },
    {
        "code_cio": "CAM",
        "nom_pays": "Cambodge",
        "url_drapeau": "https://upload.wikimedia.org/wikipedia/commons/thumb/8/83/Flag_of_Cambodia.svg/100px-Flag_of_Cambodia.svg.png"
    },
    {
        "code_cio": "CAN",
        "nom_pays": "Canada",
        "url_drapeau": "https://upload.wikimedia.org/wikipedia/commons/thumb/d/d9/Flag_of_Canada_%28Pantone%29.svg/100px-Flag_of_Canada_%28Pantone%29.svg.png"
    },
    {
        "code_cio": "CAY",
        "nom_pays": "Îles CaïmansÎles Caïmans",
        "url_drapeau": "https://upload.wikimedia.org/wikipedia/commons/thumb/6/6c/Flag_of_the_Cayman_Islands_%28pre-1999%29.svg/100px-Flag_of_the_Cayman_Islands_%28pre-1999%29.svg.png"
    },
    {
        "code_cio": "CGO",
        "nom_pays": "République du Congo",
        "url_drapeau": "https://upload.wikimedia.org/wikipedia/commons/thumb/9/92/Flag_of_the_Republic_of_the_Congo.svg/100px-Flag_of_the_Republic_of_the_Congo.svg.png"
    },
    {
        "code_cio": "CHA",
        "nom_pays": "Tchad",
        "url_drapeau": "https://upload.wikimedia.org/wikipedia/commons/thumb/4/4b/Flag_of_Chad.svg/100px-Flag_of_Chad.svg.png"
    },
    {
        "code_cio": "CHI",
        "nom_pays": "Chili",
        "url_drapeau": "https://upload.wikimedia.org/wikipedia/commons/thumb/7/78/Flag_of_Chile.svg/100px-Flag_of_Chile.svg.png"
    },
    {
        "code_cio": "CHN",
        "nom_pays": "Chine, République populaire de",
        "url_drapeau": "https://upload.wikimedia.org/wikipedia/commons/thumb/f/fa/Flag_of_the_People%27s_Republic_of_China.svg/100px-Flag_of_the_People%27s_Republic_of_China.svg.png"
    },
    {
        "code_cio": "CIV",
        "nom_pays": "Côte d'Ivoire",
        "url_drapeau": "https://upload.wikimedia.org/wikipedia/commons/thumb/f/fe/Flag_of_C%C3%B4te_d%27Ivoire.svg/100px-Flag_of_C%C3%B4te_d%27Ivoire.svg.png"
    },
    {
        "code_cio": "CMR",
        "nom_pays": "Cameroun",
        "url_drapeau": "https://upload.wikimedia.org/wikipedia/commons/thumb/4/4f/Flag_of_Cameroon.svg/100px-Flag_of_Cameroon.svg.png"
    },
    {
        "code_cio": "COD",
        "nom_pays": "République démocratique du Congo",
        "url_drapeau": "https://upload.wikimedia.org/wikipedia/commons/thumb/6/6f/Flag_of_the_Democratic_Republic_of_the_Congo.svg/100px-Flag_of_the_Democratic_Republic_of_the_Congo.svg.png"
    },
    {
        "code_cio": "COK",
        "nom_pays": "Îles Cook",
        "url_drapeau": "https://upload.wikimedia.org/wikipedia/commons/thumb/3/35/Flag_of_the_Cook_Islands.svg/100px-Flag_of_the_Cook_Islands.svg.png"
    },
    {
        "code_cio": "COL",
        "nom_pays": "Colombie",
        "url_drapeau": "https://upload.wikimedia.org/wikipedia/commons/thumb/2/21/Flag_of_Colombia.svg/100px-Flag_of_Colombia.svg.png"
    },
    {
        "code_cio": "COM",
        "nom_pays": "Comores",
        "url_drapeau": "https://upload.wikimedia.org/wikipedia/commons/thumb/9/94/Flag_of_the_Comoros.svg/100px-Flag_of_the_Comoros.svg.png"
    },
    {
        "code_cio": "COR",
        "nom_pays": "Corée unifiée",
        "url_drapeau": "https://upload.wikimedia.org/wikipedia/commons/thumb/8/8a/Unification_flag_of_Korea.svg/100px-Unification_flag_of_Korea.svg.png"
    },
    {
        "code_cio": "CPV",
        "nom_pays": "Cap-Vert",
        "url_drapeau": "https://upload.wikimedia.org/wikipedia/commons/thumb/3/38/Flag_of_Cape_Verde.svg/100px-Flag_of_Cape_Verde.svg.png"
    },
    {
        "code_cio": "CRC",
        "nom_pays": "Costa Rica",
        "url_drapeau": "https://upload.wikimedia.org/wikipedia/commons/thumb/f/f2/Flag_of_Costa_Rica.svg/100px-Flag_of_Costa_Rica.svg.png"
    },
    {
        "code_cio": "CRO",
        "nom_pays": "Croatie",
        "url_drapeau": "https://upload.wikimedia.org/wikipedia/commons/thumb/1/1b/Flag_of_Croatia.svg/100px-Flag_of_Croatia.svg.png"
    },
    {
        "code_cio": "CUB",
        "nom_pays": "Cuba",
        "url_drapeau": "https://upload.wikimedia.org/wikipedia/commons/thumb/b/bd/Flag_of_Cuba.svg/100px-Flag_of_Cuba.svg.png"
    },
    {
        "code_cio": "CYP",
        "nom_pays": "Chypre",
        "url_drapeau": "https://upload.wikimedia.org/wikipedia/commons/thumb/d/d4/Flag_of_Cyprus.svg/100px-Flag_of_Cyprus.svg.png"
    },
    {
        "code_cio": "CZE",
        "nom_pays": "Tchéquie",
        "url_drapeau": "https://upload.wikimedia.org/wikipedia/commons/thumb/c/cb/Flag_of_the_Czech_Republic.svg/100px-Flag_of_the_Czech_Republic.svg.png"
    },
    {
        "code_cio": "DEN",
        "nom_pays": "Danemark",
        "url_drapeau": "https://upload.wikimedia.org/wikipedia/commons/thumb/9/9c/Flag_of_Denmark.svg/100px-Flag_of_Denmark.svg.png"
    },
    {
        "code_cio": "DJI",
        "nom_pays": "Djibouti",
        "url_drapeau": "https://upload.wikimedia.org/wikipedia/commons/thumb/3/34/Flag_of_Djibouti.svg/100px-Flag_of_Djibouti.svg.png"
    },
    {
        "code_cio": "DMA",
        "nom_pays": "Dominique",
        "url_drapeau": "https://upload.wikimedia.org/wikipedia/commons/thumb/c/c4/Flag_of_Dominica.svg/100px-Flag_of_Dominica.svg.png"
    },
    {
        "code_cio": "DOM",
        "nom_pays": "République dominicaine",
        "url_drapeau": "https://upload.wikimedia.org/wikipedia/commons/thumb/9/9f/Flag_of_the_Dominican_Republic.svg/100px-Flag_of_the_Dominican_Republic.svg.png"
    },
    {
        "code_cio": "ECU",
        "nom_pays": "Équateur",
        "url_drapeau": "https://upload.wikimedia.org/wikipedia/commons/thumb/8/87/Flag_of_Ecuador_%281900%E2%80%932009%29.svg/100px-Flag_of_Ecuador_%281900%E2%80%932009%29.svg.png"
    },
    {
        "code_cio": "EGY",
        "nom_pays": "Égypte",
        "url_drapeau": "https://upload.wikimedia.org/wikipedia/commons/thumb/f/fe/Flag_of_Egypt.svg/100px-Flag_of_Egypt.svg.png"
    },
    {
        "code_cio": "ERI",
        "nom_pays": "Érythrée",
        "url_drapeau": "https://upload.wikimedia.org/wikipedia/commons/thumb/2/29/Flag_of_Eritrea.svg/100px-Flag_of_Eritrea.svg.png"
    },
    {
        "code_cio": "ESA",
        "nom_pays": "Salvador",
        "url_drapeau": "https://upload.wikimedia.org/wikipedia/commons/thumb/3/34/Flag_of_El_Salvador.svg/100px-Flag_of_El_Salvador.svg.png"
    },
    {
        "code_cio": "ESP",
        "nom_pays": "Espagne",
        "url_drapeau": "https://upload.wikimedia.org/wikipedia/commons/thumb/9/9a/Flag_of_Spain.svg/100px-Flag_of_Spain.svg.png"
    },
    {
        "code_cio": "EST",
        "nom_pays": "Estonie",
        "url_drapeau": "https://upload.wikimedia.org/wikipedia/commons/thumb/8/8f/Flag_of_Estonia.svg/100px-Flag_of_Estonia.svg.png"
    },
    {
        "code_cio": "ETH",
        "nom_pays": "Éthiopie",
        "url_drapeau": "https://upload.wikimedia.org/wikipedia/commons/thumb/1/12/Flag_of_Ethiopia_%281975%E2%80%931987%2C_with_emblem%29.svg/100px-Flag_of_Ethiopia_%281975%E2%80%931987%2C_with_emblem%29.svg.png"
    },
    {
        "code_cio": "FIJ",
        "nom_pays": "Fidji",
        "url_drapeau": "https://upload.wikimedia.org/wikipedia/commons/thumb/b/ba/Flag_of_Fiji.svg/100px-Flag_of_Fiji.svg.png"
    },
    {
        "code_cio": "FIN",
        "nom_pays": "Finlande",
        "url_drapeau": "https://upload.wikimedia.org/wikipedia/commons/thumb/b/bc/Flag_of_Finland.svg/100px-Flag_of_Finland.svg.png"
    },
    {
        "code_cio": "FRA",
        "nom_pays": "France",
        "url_drapeau": "https://upload.wikimedia.org/wikipedia/commons/thumb/d/d1/Flag_of_France_%281976%E2%80%932020%29.svg/100px-Flag_of_France_%281976%E2%80%932020%29.svg.png"
    },
    {
        "code_cio": "FSM",
        "nom_pays": "États fédérés de Micronésie",
        "url_drapeau": "https://upload.wikimedia.org/wikipedia/commons/thumb/e/e4/Flag_of_the_Federated_States_of_Micronesia.svg/100px-Flag_of_the_Federated_States_of_Micronesia.svg.png"
    },
    {
        "code_cio": "GAB",
        "nom_pays": "Gabon",
        "url_drapeau": "https://upload.wikimedia.org/wikipedia/commons/thumb/0/04/Flag_of_Gabon.svg/100px-Flag_of_Gabon.svg.png"
    },
    {
        "code_cio": "GAM",
        "nom_pays": "Gambie",
        "url_drapeau": "https://upload.wikimedia.org/wikipedia/commons/thumb/7/77/Flag_of_The_Gambia.svg/100px-Flag_of_The_Gambia.svg.png"
    },
    {
        "code_cio": "GBR",
        "nom_pays": "Grande-Bretagne",
        "url_drapeau": "https://upload.wikimedia.org/wikipedia/commons/thumb/8/83/Flag_of_the_United_Kingdom_%283-5%29.svg/100px-Flag_of_the_United_Kingdom_%283-5%29.svg.png"
    },
    {
        "code_cio": "GBS",
        "nom_pays": "Guinée-Bissau",
        "url_drapeau": "https://upload.wikimedia.org/wikipedia/commons/thumb/0/01/Flag_of_Guinea-Bissau.svg/100px-Flag_of_Guinea-Bissau.svg.png"
    },
    {
        "code_cio": "GEO",
        "nom_pays": "Géorgie",
        "url_drapeau": "https://upload.wikimedia.org/wikipedia/commons/thumb/0/0f/Flag_of_Georgia.svg/100px-Flag_of_Georgia.svg.png"
    },
    {
        "code_cio": "GEQ",
        "nom_pays": "Guinée équatoriale",
        "url_drapeau": "https://upload.wikimedia.org/wikipedia/commons/thumb/3/31/Flag_of_Equatorial_Guinea.svg/100px-Flag_of_Equatorial_Guinea.svg.png"
    },
    {
        "code_cio": "GER",
        "nom_pays": "Allemagne",
        "url_drapeau": "https://upload.wikimedia.org/wikipedia/commons/thumb/b/ba/Flag_of_Germany.svg/100px-Flag_of_Germany.svg.png"
    },
    {
        "code_cio": "GHA",
        "nom_pays": "Ghana",
        "url_drapeau": "https://upload.wikimedia.org/wikipedia/commons/thumb/1/19/Flag_of_Ghana.svg/100px-Flag_of_Ghana.svg.png"
    },
    {
        "code_cio": "GRE",
        "nom_pays": "Grèce",
        "url_drapeau": "https://upload.wikimedia.org/wikipedia/commons/thumb/5/5c/Flag_of_Greece.svg/100px-Flag_of_Greece.svg.png"
    },
    {
        "code_cio": "GRN",
        "nom_pays": "Grenade",
        "url_drapeau": "https://upload.wikimedia.org/wikipedia/commons/thumb/b/bc/Flag_of_Grenada.svg/100px-Flag_of_Grenada.svg.png"
    },
    {
        "code_cio": "GUA",
        "nom_pays": "Guatemala",
        "url_drapeau": "https://upload.wikimedia.org/wikipedia/commons/thumb/e/ec/Flag_of_Guatemala.svg/100px-Flag_of_Guatemala.svg.png"
    },
    {
        "code_cio": "GUI",
        "nom_pays": "Guinée",
        "url_drapeau": "https://upload.wikimedia.org/wikipedia/commons/thumb/e/ed/Flag_of_Guinea.svg/100px-Flag_of_Guinea.svg.png"
    },
    {
        "code_cio": "GUM",
        "nom_pays": "Guam",
        "url_drapeau": "https://upload.wikimedia.org/wikipedia/commons/thumb/0/07/Flag_of_Guam.svg/100px-Flag_of_Guam.svg.png"
    },
    {
        "code_cio": "GUY",
        "nom_pays": "Guyana",
        "url_drapeau": "https://upload.wikimedia.org/wikipedia/commons/thumb/9/99/Flag_of_Guyana.svg/100px-Flag_of_Guyana.svg.png"
    },
    {
        "code_cio": "HAI",
        "nom_pays": "Haïti",
        "url_drapeau": "https://upload.wikimedia.org/wikipedia/commons/thumb/5/56/Flag_of_Haiti.svg/100px-Flag_of_Haiti.svg.png"
    },
    {
        "code_cio": "HKG",
        "nom_pays": "Hong Kong",
        "url_drapeau": "https://upload.wikimedia.org/wikipedia/commons/thumb/5/5b/Flag_of_Hong_Kong.svg/100px-Flag_of_Hong_Kong.svg.png"
    },
    {
        "code_cio": "HON",
        "nom_pays": "Honduras",
        "url_drapeau": "https://upload.wikimedia.org/wikipedia/commons/thumb/2/2f/Flag_of_Honduras_%282022%E2%80%93present%29.svg/100px-Flag_of_Honduras_%282022%E2%80%93present%29.svg.png"
    },
    {
        "code_cio": "HUN",
        "nom_pays": "Hongrie",
        "url_drapeau": "https://upload.wikimedia.org/wikipedia/commons/thumb/c/c1/Flag_of_Hungary.svg/100px-Flag_of_Hungary.svg.png"
    },
    {
        "code_cio": "INA",
        "nom_pays": "Indonésie",
        "url_drapeau": "https://upload.wikimedia.org/wikipedia/commons/thumb/9/9f/Flag_of_Indonesia.svg/100px-Flag_of_Indonesia.svg.png"
    },
    {
        "code_cio": "IND",
        "nom_pays": "Inde",
        "url_drapeau": "https://upload.wikimedia.org/wikipedia/commons/thumb/4/41/Flag_of_India.svg/100px-Flag_of_India.svg.png"
    },
    {
        "code_cio": "IRI",
        "nom_pays": "IranIran",
        "url_drapeau": "https://upload.wikimedia.org/wikipedia/commons/thumb/f/fd/State_flag_of_Iran_%281964%E2%80%931980%29.svg/100px-State_flag_of_Iran_%281964%E2%80%931980%29.svg.png"
    },
    {
        "code_cio": "IRL",
        "nom_pays": "Irlande",
        "url_drapeau": "https://upload.wikimedia.org/wikipedia/commons/thumb/4/45/Flag_of_Ireland.svg/100px-Flag_of_Ireland.svg.png"
    },
    {
        "code_cio": "IRQ",
        "nom_pays": "Irak",
        "url_drapeau": "https://upload.wikimedia.org/wikipedia/commons/thumb/b/b4/Flag_of_Iraq_%281963%E2%80%931991%29.svg/100px-Flag_of_Iraq_%281963%E2%80%931991%29.svg.png"
    },
    {
        "code_cio": "ISL",
        "nom_pays": "Islande",
        "url_drapeau": "https://upload.wikimedia.org/wikipedia/commons/thumb/c/ce/Flag_of_Iceland.svg/100px-Flag_of_Iceland.svg.png"
    },
    {
        "code_cio": "ISR",
        "nom_pays": "Israël",
        "url_drapeau": "https://upload.wikimedia.org/wikipedia/commons/thumb/d/d4/Flag_of_Israel.svg/100px-Flag_of_Israel.svg.png"
    },
    {
        "code_cio": "ISV",
        "nom_pays": "Îles Vierges des États-Unis",
        "url_drapeau": "https://upload.wikimedia.org/wikipedia/commons/thumb/f/f8/Flag_of_the_United_States_Virgin_Islands.svg/100px-Flag_of_the_United_States_Virgin_Islands.svg.png"
    },
    {
        "code_cio": "ITA",
        "nom_pays": "Italie",
        "url_drapeau": "https://upload.wikimedia.org/wikipedia/commons/thumb/0/03/Flag_of_Italy.svg/100px-Flag_of_Italy.svg.png"
    },
    {
        "code_cio": "IVB",
        "nom_pays": "Îles Vierges britanniques",
        "url_drapeau": "https://upload.wikimedia.org/wikipedia/commons/thumb/4/42/Flag_of_the_British_Virgin_Islands.svg/100px-Flag_of_the_British_Virgin_Islands.svg.png"
    },
    {
        "code_cio": "JAM",
        "nom_pays": "Jamaïque",
        "url_drapeau": "https://upload.wikimedia.org/wikipedia/commons/thumb/0/0a/Flag_of_Jamaica.svg/100px-Flag_of_Jamaica.svg.png"
    },
    {
        "code_cio": "JOR",
        "nom_pays": "Jordanie",
        "url_drapeau": "https://upload.wikimedia.org/wikipedia/commons/thumb/c/c0/Flag_of_Jordan.svg/100px-Flag_of_Jordan.svg.png"
    },
    {
        "code_cio": "JPN",
        "nom_pays": "Japon",
        "url_drapeau": "https://upload.wikimedia.org/wikipedia/commons/thumb/9/9e/Flag_of_Japan.svg/100px-Flag_of_Japan.svg.png"
    },
    {
        "code_cio": "KAZ",
        "nom_pays": "Kazakhstan",
        "url_drapeau": "https://upload.wikimedia.org/wikipedia/commons/thumb/d/d3/Flag_of_Kazakhstan.svg/100px-Flag_of_Kazakhstan.svg.png"
    },
    {
        "code_cio": "KEN",
        "nom_pays": "Kenya",
        "url_drapeau": "https://upload.wikimedia.org/wikipedia/commons/thumb/4/49/Flag_of_Kenya.svg/100px-Flag_of_Kenya.svg.png"
    },
    {
        "code_cio": "KGZ",
        "nom_pays": "Kirghizistan",
        "url_drapeau": "https://upload.wikimedia.org/wikipedia/commons/thumb/c/c7/Flag_of_Kyrgyzstan.svg/100px-Flag_of_Kyrgyzstan.svg.png"
    },
    {
        "code_cio": "KIR",
        "nom_pays": "Kiribati",
        "url_drapeau": "https://upload.wikimedia.org/wikipedia/commons/thumb/d/d3/Flag_of_Kiribati.svg/100px-Flag_of_Kiribati.svg.png"
    },
    {
        "code_cio": "KOS",
        "nom_pays": "Kosovo",
        "url_drapeau": "https://upload.wikimedia.org/wikipedia/commons/thumb/1/1f/Flag_of_Kosovo.svg/100px-Flag_of_Kosovo.svg.png"
    },
    {
        "code_cio": "KOR",
        "nom_pays": "Corée du Sud",
        "url_drapeau": "https://upload.wikimedia.org/wikipedia/commons/thumb/0/09/Flag_of_South_Korea.svg/100px-Flag_of_South_Korea.svg.png"
    },
    {
        "code_cio": "KSA",
        "nom_pays": "Arabie saoudite",
        "url_drapeau": "https://upload.wikimedia.org/wikipedia/commons/thumb/f/f4/Flag_of_Saudi_Arabia_%281938_to_1973%29.svg/100px-Flag_of_Saudi_Arabia_%281938_to_1973%29.svg.png"
    },
    {
        "code_cio": "KUW",
        "nom_pays": "Koweït",
        "url_drapeau": "https://upload.wikimedia.org/wikipedia/commons/thumb/a/aa/Flag_of_Kuwait.svg/100px-Flag_of_Kuwait.svg.png"
    },
    {
        "code_cio": "LAO",
        "nom_pays": "Laos(République démocratique populaire lao)",
        "url_drapeau": "https://upload.wikimedia.org/wikipedia/commons/thumb/5/56/Flag_of_Laos.svg/100px-Flag_of_Laos.svg.png"
    },
    {
        "code_cio": "LAT",
        "nom_pays": "Lettonie",
        "url_drapeau": "https://upload.wikimedia.org/wikipedia/commons/thumb/8/84/Flag_of_Latvia.svg/100px-Flag_of_Latvia.svg.png"
    },
    {
        "code_cio": "LBA",
        "nom_pays": "Libye",
        "url_drapeau": "https://upload.wikimedia.org/wikipedia/commons/thumb/0/05/Flag_of_Libya.svg/100px-Flag_of_Libya.svg.png"
    },
    {
        "code_cio": "LBN",
        "nom_pays": "Liban",
        "url_drapeau": "https://upload.wikimedia.org/wikipedia/commons/thumb/5/59/Flag_of_Lebanon.svg/100px-Flag_of_Lebanon.svg.png"
    },
    {
        "code_cio": "LBR",
        "nom_pays": "Liberia",
        "url_drapeau": "https://upload.wikimedia.org/wikipedia/commons/thumb/b/b8/Flag_of_Liberia.svg/100px-Flag_of_Liberia.svg.png"
    },
    {
        "code_cio": "LCA",
        "nom_pays": "Sainte-Lucie",
        "url_drapeau": "https://upload.wikimedia.org/wikipedia/commons/thumb/9/9f/Flag_of_Saint_Lucia.svg/100px-Flag_of_Saint_Lucia.svg.png"
    },
    {
        "code_cio": "LES",
        "nom_pays": "Lesotho",
        "url_drapeau": "https://upload.wikimedia.org/wikipedia/commons/thumb/4/4a/Flag_of_Lesotho.svg/100px-Flag_of_Lesotho.svg.png"
    },
    {
        "code_cio": "LIE",
        "nom_pays": "Liechtenstein",
        "url_drapeau": "https://upload.wikimedia.org/wikipedia/commons/thumb/4/4e/Flag_of_Liechtenstein_%281937%E2%80%931982%29.svg/100px-Flag_of_Liechtenstein_%281937%E2%80%931982%29.svg.png"
    },
    {
        "code_cio": "LTU",
        "nom_pays": "Lituanie",
        "url_drapeau": "https://upload.wikimedia.org/wikipedia/commons/thumb/1/11/Flag_of_Lithuania.svg/100px-Flag_of_Lithuania.svg.png"
    },
    {
        "code_cio": "LUX",
        "nom_pays": "Luxembourg",
        "url_drapeau": "https://upload.wikimedia.org/wikipedia/commons/thumb/d/da/Flag_of_Luxembourg.svg/100px-Flag_of_Luxembourg.svg.png"
    },
    {
        "code_cio": "MAD",
        "nom_pays": "Madagascar",
        "url_drapeau": "https://upload.wikimedia.org/wikipedia/commons/thumb/b/bc/Flag_of_Madagascar.svg/100px-Flag_of_Madagascar.svg.png"
    },
    {
        "code_cio": "MAR",
        "nom_pays": "Maroc",
        "url_drapeau": "https://upload.wikimedia.org/wikipedia/commons/thumb/2/2c/Flag_of_Morocco.svg/100px-Flag_of_Morocco.svg.png"
    },
    {
        "code_cio": "MAS",
        "nom_pays": "Malaisie",
        "url_drapeau": "https://upload.wikimedia.org/wikipedia/commons/thumb/6/66/Flag_of_Malaysia.svg/100px-Flag_of_Malaysia.svg.png"
    },
    {
        "code_cio": "MAW",
        "nom_pays": "Malawi",
        "url_drapeau": "https://upload.wikimedia.org/wikipedia/commons/thumb/d/d1/Flag_of_Malawi.svg/100px-Flag_of_Malawi.svg.png"
    },
    {
        "code_cio": "MDA",
        "nom_pays": "Moldavie",
        "url_drapeau": "https://upload.wikimedia.org/wikipedia/commons/thumb/2/27/Flag_of_Moldova.svg/100px-Flag_of_Moldova.svg.png"
    },
    {
        "code_cio": "MDV",
        "nom_pays": "Maldives",
        "url_drapeau": "https://upload.wikimedia.org/wikipedia/commons/thumb/0/0f/Flag_of_Maldives.svg/100px-Flag_of_Maldives.svg.png"
    },
    {
        "code_cio": "MEX",
        "nom_pays": "Mexique",
        "url_drapeau": "https://upload.wikimedia.org/wikipedia/commons/thumb/f/fc/Flag_of_Mexico.svg/100px-Flag_of_Mexico.svg.png"
    },
    {
        "code_cio": "MGL",
        "nom_pays": "Mongolie",
        "url_drapeau": "https://upload.wikimedia.org/wikipedia/commons/thumb/4/4c/Flag_of_Mongolia.svg/100px-Flag_of_Mongolia.svg.png"
    },
    {
        "code_cio": "MHL",
        "nom_pays": "Îles Marshall",
        "url_drapeau": "https://upload.wikimedia.org/wikipedia/commons/thumb/2/2e/Flag_of_the_Marshall_Islands.svg/100px-Flag_of_the_Marshall_Islands.svg.png"
    },
    {
        "code_cio": "MKD",
        "nom_pays": "Macédoine du Nord",
        "url_drapeau": "https://upload.wikimedia.org/wikipedia/commons/thumb/7/79/Flag_of_North_Macedonia.svg/100px-Flag_of_North_Macedonia.svg.png"
    },
    {
        "code_cio": "MLI",
        "nom_pays": "Mali",
        "url_drapeau": "https://upload.wikimedia.org/wikipedia/commons/thumb/9/92/Flag_of_Mali.svg/100px-Flag_of_Mali.svg.png"
    },
    {
        "code_cio": "MLT",
        "nom_pays": "Malte",
        "url_drapeau": "https://upload.wikimedia.org/wikipedia/commons/thumb/7/73/Flag_of_Malta.svg/100px-Flag_of_Malta.svg.png"
    },
    {
        "code_cio": "MNE",
        "nom_pays": "Monténégro",
        "url_drapeau": "https://upload.wikimedia.org/wikipedia/commons/thumb/6/64/Flag_of_Montenegro.svg/100px-Flag_of_Montenegro.svg.png"
    },
    {
        "code_cio": "MON",
        "nom_pays": "Monaco",
        "url_drapeau": "https://upload.wikimedia.org/wikipedia/commons/thumb/e/ea/Flag_of_Monaco.svg/100px-Flag_of_Monaco.svg.png"
    },
    {
        "code_cio": "MOZ",
        "nom_pays": "Mozambique",
        "url_drapeau": "https://upload.wikimedia.org/wikipedia/commons/thumb/d/d0/Flag_of_Mozambique.svg/100px-Flag_of_Mozambique.svg.png"
    },
    {
        "code_cio": "MRI",
        "nom_pays": "Maurice",
        "url_drapeau": "https://upload.wikimedia.org/wikipedia/commons/thumb/7/77/Flag_of_Mauritius.svg/100px-Flag_of_Mauritius.svg.png"
    },
    {
        "code_cio": "MTN",
        "nom_pays": "Mauritanie",
        "url_drapeau": "https://upload.wikimedia.org/wikipedia/commons/thumb/4/43/Flag_of_Mauritania.svg/100px-Flag_of_Mauritania.svg.png"
    },
    {
        "code_cio": "MYA",
        "nom_pays": "Birmanie(Myanmar)",
        "url_drapeau": "https://upload.wikimedia.org/wikipedia/commons/thumb/8/8c/Flag_of_Myanmar.svg/100px-Flag_of_Myanmar.svg.png"
    },
    {
        "code_cio": "NAM",
        "nom_pays": "Namibie",
        "url_drapeau": "https://upload.wikimedia.org/wikipedia/commons/thumb/0/00/Flag_of_Namibia.svg/100px-Flag_of_Namibia.svg.png"
    },
    {
        "code_cio": "NCA",
        "nom_pays": "Nicaragua",
        "url_drapeau": "https://upload.wikimedia.org/wikipedia/commons/thumb/1/19/Flag_of_Nicaragua.svg/100px-Flag_of_Nicaragua.svg.png"
    },
    {
        "code_cio": "NED",
        "nom_pays": "Pays-Bas",
        "url_drapeau": "https://upload.wikimedia.org/wikipedia/commons/thumb/2/20/Flag_of_the_Netherlands.svg/100px-Flag_of_the_Netherlands.svg.png"
    },
    {
        "code_cio": "NEP",
        "nom_pays": "Népal",
        "url_drapeau": "https://upload.wikimedia.org/wikipedia/commons/thumb/9/9b/Flag_of_Nepal.svg/100px-Flag_of_Nepal.svg.png"
    },
    {
        "code_cio": "NGR",
        "nom_pays": "Nigeria",
        "url_drapeau": "https://upload.wikimedia.org/wikipedia/commons/thumb/7/79/Flag_of_Nigeria.svg/100px-Flag_of_Nigeria.svg.png"
    },
    {
        "code_cio": "NIG",
        "nom_pays": "Niger",
        "url_drapeau": "https://upload.wikimedia.org/wikipedia/commons/thumb/f/f4/Flag_of_Niger.svg/100px-Flag_of_Niger.svg.png"
    },
    {
        "code_cio": "NOR",
        "nom_pays": "Norvège",
        "url_drapeau": "https://upload.wikimedia.org/wikipedia/commons/thumb/d/d9/Flag_of_Norway.svg/100px-Flag_of_Norway.svg.png"
    },
    {
        "code_cio": "NRU",
        "nom_pays": "Nauru",
        "url_drapeau": "https://upload.wikimedia.org/wikipedia/commons/thumb/3/30/Flag_of_Nauru.svg/100px-Flag_of_Nauru.svg.png"
    },
    {
        "code_cio": "NZL",
        "nom_pays": "Nouvelle-Zélande",
        "url_drapeau": "https://upload.wikimedia.org/wikipedia/commons/thumb/3/3e/Flag_of_New_Zealand.svg/100px-Flag_of_New_Zealand.svg.png"
    },
    {
        "code_cio": "OAR",
        "nom_pays": "Athlètes olympiques de Russie(Olympic Athlete from Russia)",
        "url_drapeau": "https://upload.wikimedia.org/wikipedia/commons/thumb/a/a7/Olympic_flag.svg/40px-Olympic_flag.svg.png"
    },
    {
        "code_cio": "OMA",
        "nom_pays": "OmanOman",
        "url_drapeau": "https://upload.wikimedia.org/wikipedia/commons/thumb/d/d8/Flag_of_Oman_%281970%E2%80%931995%29.svg/100px-Flag_of_Oman_%281970%E2%80%931995%29.svg.png"
    },
    {
        "code_cio": "PAK",
        "nom_pays": "Pakistan",
        "url_drapeau": "https://upload.wikimedia.org/wikipedia/commons/thumb/3/32/Flag_of_Pakistan.svg/100px-Flag_of_Pakistan.svg.png"
    },
    {
        "code_cio": "PAN",
        "nom_pays": "Panama",
        "url_drapeau": "https://upload.wikimedia.org/wikipedia/commons/thumb/a/ab/Flag_of_Panama.svg/100px-Flag_of_Panama.svg.png"
    },
    {
        "code_cio": "PAR",
        "nom_pays": "Paraguay",
        "url_drapeau": "https://upload.wikimedia.org/wikipedia/commons/thumb/2/27/Flag_of_Paraguay.svg/100px-Flag_of_Paraguay.svg.png"
    },
    {
        "code_cio": "PER",
        "nom_pays": "Pérou",
        "url_drapeau": "https://upload.wikimedia.org/wikipedia/commons/thumb/c/cf/Flag_of_Peru.svg/100px-Flag_of_Peru.svg.png"
    },
    {
        "code_cio": "PHI",
        "nom_pays": "Philippines",
        "url_drapeau": "https://upload.wikimedia.org/wikipedia/commons/thumb/9/99/Flag_of_the_Philippines.svg/100px-Flag_of_the_Philippines.svg.png"
    },
    {
        "code_cio": "PLE",
        "nom_pays": "Palestine",
        "url_drapeau": "https://upload.wikimedia.org/wikipedia/commons/thumb/0/00/Flag_of_Palestine.svg/100px-Flag_of_Palestine.svg.png"
    },
    {
        "code_cio": "PLW",
        "nom_pays": "Palaos",
        "url_drapeau": "https://upload.wikimedia.org/wikipedia/commons/thumb/4/48/Flag_of_Palau.svg/100px-Flag_of_Palau.svg.png"
    },
    {
        "code_cio": "PNG",
        "nom_pays": "Papouasie-Nouvelle-Guinée",
        "url_drapeau": "https://upload.wikimedia.org/wikipedia/commons/thumb/e/e3/Flag_of_Papua_New_Guinea.svg/100px-Flag_of_Papua_New_Guinea.svg.png"
    },
    {
        "code_cio": "POL",
        "nom_pays": "Pologne",
        "url_drapeau": "https://upload.wikimedia.org/wikipedia/commons/thumb/1/12/Flag_of_Poland.svg/100px-Flag_of_Poland.svg.png"
    },
    {
        "code_cio": "POR",
        "nom_pays": "Portugal",
        "url_drapeau": "https://upload.wikimedia.org/wikipedia/commons/thumb/5/5c/Flag_of_Portugal.svg/100px-Flag_of_Portugal.svg.png"
    },
    {
        "code_cio": "PRK",
        "nom_pays": "Corée du Nord(République populaire démocratique de Corée)",
        "url_drapeau": "https://upload.wikimedia.org/wikipedia/commons/thumb/5/51/Flag_of_North_Korea.svg/100px-Flag_of_North_Korea.svg.png"
    },
    {
        "code_cio": "PUR",
        "nom_pays": "Porto Rico",
        "url_drapeau": "https://upload.wikimedia.org/wikipedia/commons/thumb/2/28/Flag_of_Puerto_Rico.svg/100px-Flag_of_Puerto_Rico.svg.png"
    },
    {
        "code_cio": "QAT",
        "nom_pays": "Qatar",
        "url_drapeau": "https://upload.wikimedia.org/wikipedia/commons/thumb/6/65/Flag_of_Qatar.svg/100px-Flag_of_Qatar.svg.png"
    },
    {
        "code_cio": "ROC",
        "nom_pays": "Comité olympique de Russie",
        "url_drapeau": ""
    },
    {
        "code_cio": "ROT",
        "nom_pays": "Équipe olympique des réfugiés(Refugee Olympic Team)",
        "url_drapeau": "https://upload.wikimedia.org/wikipedia/commons/thumb/a/a7/Olympic_flag.svg/40px-Olympic_flag.svg.png"
    },
    {
        "code_cio": "ROU",
        "nom_pays": "Roumanie",
        "url_drapeau": "https://upload.wikimedia.org/wikipedia/commons/thumb/7/73/Flag_of_Romania.svg/100px-Flag_of_Romania.svg.png"
    },
    {
        "code_cio": "RSA",
        "nom_pays": "Afrique du Sud",
        "url_drapeau": "https://upload.wikimedia.org/wikipedia/commons/thumb/a/af/Flag_of_South_Africa.svg/100px-Flag_of_South_Africa.svg.png"
    },
    {
        "code_cio": "RUS",
        "nom_pays": "Russie, Fédération de",
        "url_drapeau": "https://upload.wikimedia.org/wikipedia/commons/thumb/f/f3/Flag_of_Russia.svg/100px-Flag_of_Russia.svg.png"
    },
    {
        "code_cio": "RWA",
        "nom_pays": "Rwanda",
        "url_drapeau": "https://upload.wikimedia.org/wikipedia/commons/thumb/1/17/Flag_of_Rwanda.svg/100px-Flag_of_Rwanda.svg.png"
    },
    {
        "code_cio": "SAM",
        "nom_pays": "Samoa",
        "url_drapeau": "https://upload.wikimedia.org/wikipedia/commons/thumb/3/31/Flag_of_Samoa.svg/100px-Flag_of_Samoa.svg.png"
    },
    {
        "code_cio": "SEN",
        "nom_pays": "Sénégal",
        "url_drapeau": "https://upload.wikimedia.org/wikipedia/commons/thumb/f/fd/Flag_of_Senegal.svg/100px-Flag_of_Senegal.svg.png"
    },
    {
        "code_cio": "SEY",
        "nom_pays": "Seychelles",
        "url_drapeau": "https://upload.wikimedia.org/wikipedia/commons/thumb/f/fc/Flag_of_Seychelles.svg/100px-Flag_of_Seychelles.svg.png"
    },
    {
        "code_cio": "SGP",
        "nom_pays": "Singapour",
        "url_drapeau": "https://upload.wikimedia.org/wikipedia/commons/thumb/4/48/Flag_of_Singapore.svg/100px-Flag_of_Singapore.svg.png"
    },
    {
        "code_cio": "SKN",
        "nom_pays": "Saint-Christophe-et-Niévès(Saint-Kitts-et-Nevis)",
        "url_drapeau": "https://upload.wikimedia.org/wikipedia/commons/thumb/f/fe/Flag_of_Saint_Kitts_and_Nevis.svg/100px-Flag_of_Saint_Kitts_and_Nevis.svg.png"
    },
    {
        "code_cio": "SLE",
        "nom_pays": "Sierra Leone",
        "url_drapeau": "https://upload.wikimedia.org/wikipedia/commons/thumb/1/17/Flag_of_Sierra_Leone.svg/100px-Flag_of_Sierra_Leone.svg.png"
    },
    {
        "code_cio": "SLO",
        "nom_pays": "Slovénie",
        "url_drapeau": "https://upload.wikimedia.org/wikipedia/commons/thumb/f/f0/Flag_of_Slovenia.svg/100px-Flag_of_Slovenia.svg.png"
    },
    {
        "code_cio": "SMR",
        "nom_pays": "Saint-Marin",
        "url_drapeau": "https://upload.wikimedia.org/wikipedia/commons/thumb/b/b1/Flag_of_San_Marino.svg/100px-Flag_of_San_Marino.svg.png"
    },
    {
        "code_cio": "SOL",
        "nom_pays": "Îles Salomon",
        "url_drapeau": "https://upload.wikimedia.org/wikipedia/commons/thumb/7/74/Flag_of_the_Solomon_Islands.svg/100px-Flag_of_the_Solomon_Islands.svg.png"
    },
    {
        "code_cio": "SOM",
        "nom_pays": "Somalie",
        "url_drapeau": "https://upload.wikimedia.org/wikipedia/commons/thumb/a/a0/Flag_of_Somalia.svg/100px-Flag_of_Somalia.svg.png"
    },
    {
        "code_cio": "SRB",
        "nom_pays": "Serbie",
        "url_drapeau": "https://upload.wikimedia.org/wikipedia/commons/thumb/f/ff/Flag_of_Serbia.svg/100px-Flag_of_Serbia.svg.png"
    },
    {
        "code_cio": "SRI",
        "nom_pays": "Sri Lanka",
        "url_drapeau": "https://upload.wikimedia.org/wikipedia/commons/thumb/1/11/Flag_of_Sri_Lanka.svg/100px-Flag_of_Sri_Lanka.svg.png"
    },
    {
        "code_cio": "SSD",
        "nom_pays": "Soudan du Sud",
        "url_drapeau": "https://upload.wikimedia.org/wikipedia/commons/thumb/7/7a/Flag_of_South_Sudan.svg/100px-Flag_of_South_Sudan.svg.png"
    },
    {
        "code_cio": "STP",
        "nom_pays": "Sao Tomé-et-Principe",
        "url_drapeau": "https://upload.wikimedia.org/wikipedia/commons/thumb/0/0a/Flag_of_S%C3%A3o_Tom%C3%A9_and_Pr%C3%ADncipe.svg/100px-Flag_of_S%C3%A3o_Tom%C3%A9_and_Pr%C3%ADncipe.svg.png"
    },
    {
        "code_cio": "SUD",
        "nom_pays": "Soudan",
        "url_drapeau": "https://upload.wikimedia.org/wikipedia/commons/thumb/0/01/Flag_of_Sudan.svg/100px-Flag_of_Sudan.svg.png"
    },
    {
        "code_cio": "SUI",
        "nom_pays": "Suisse",
        "url_drapeau": "https://upload.wikimedia.org/wikipedia/commons/thumb/f/f3/Flag_of_Switzerland.svg/100px-Flag_of_Switzerland.svg.png"
    },
    {
        "code_cio": "SUR",
        "nom_pays": "Suriname",
        "url_drapeau": "https://upload.wikimedia.org/wikipedia/commons/thumb/6/60/Flag_of_Suriname.svg/100px-Flag_of_Suriname.svg.png"
    },
    {
        "code_cio": "SVK",
        "nom_pays": "Slovaquie",
        "url_drapeau": "https://upload.wikimedia.org/wikipedia/commons/thumb/e/e6/Flag_of_Slovakia.svg/100px-Flag_of_Slovakia.svg.png"
    },
    {
        "code_cio": "SWE",
        "nom_pays": "Suède",
        "url_drapeau": "https://upload.wikimedia.org/wikipedia/commons/thumb/4/4c/Flag_of_Sweden.svg/100px-Flag_of_Sweden.svg.png"
    },
    {
        "code_cio": "SWZ",
        "nom_pays": "Eswatini/Swaziland",
        "url_drapeau": "https://upload.wikimedia.org/wikipedia/commons/thumb/f/fb/Flag_of_Eswatini.svg/100px-Flag_of_Eswatini.svg.png"
    },
    {
        "code_cio": "SYR",
        "nom_pays": "Syrie(République arabe syrienne)",
        "url_drapeau": "https://upload.wikimedia.org/wikipedia/commons/thumb/5/54/Flag_of_Syria_%282025-%29.svg/100px-Flag_of_Syria_%282025-%29.svg.png"
    },
    {
        "code_cio": "TAN",
        "nom_pays": "Tanzanie, République unie de",
        "url_drapeau": "https://upload.wikimedia.org/wikipedia/commons/thumb/3/38/Flag_of_Tanzania.svg/100px-Flag_of_Tanzania.svg.png"
    },
    {
        "code_cio": "TGA",
        "nom_pays": "Tonga",
        "url_drapeau": "https://upload.wikimedia.org/wikipedia/commons/thumb/9/9a/Flag_of_Tonga.svg/100px-Flag_of_Tonga.svg.png"
    },
    {
        "code_cio": "THA",
        "nom_pays": "Thaïlande",
        "url_drapeau": "https://upload.wikimedia.org/wikipedia/commons/thumb/a/a9/Flag_of_Thailand.svg/100px-Flag_of_Thailand.svg.png"
    },
    {
        "code_cio": "TJK",
        "nom_pays": "Tadjikistan",
        "url_drapeau": "https://upload.wikimedia.org/wikipedia/commons/thumb/d/d0/Flag_of_Tajikistan.svg/100px-Flag_of_Tajikistan.svg.png"
    },
    {
        "code_cio": "TKM",
        "nom_pays": "Turkménistan",
        "url_drapeau": "https://upload.wikimedia.org/wikipedia/commons/thumb/1/1b/Flag_of_Turkmenistan.svg/100px-Flag_of_Turkmenistan.svg.png"
    },
    {
        "code_cio": "TLS",
        "nom_pays": "Timor oriental(Timor-Leste)",
        "url_drapeau": "https://upload.wikimedia.org/wikipedia/commons/thumb/2/26/Flag_of_East_Timor.svg/100px-Flag_of_East_Timor.svg.png"
    },
    {
        "code_cio": "TOG",
        "nom_pays": "Togo",
        "url_drapeau": "https://upload.wikimedia.org/wikipedia/commons/thumb/7/7a/Flag_of_Togo_%283-2%29.svg/100px-Flag_of_Togo_%283-2%29.svg.png"
    },
    {
        "code_cio": "TPE",
        "nom_pays": "Taipei chinois",
        "url_drapeau": "https://upload.wikimedia.org/wikipedia/commons/thumb/b/b7/Flag_of_Chinese_Taipei_for_Olympic_Games.svg/100px-Flag_of_Chinese_Taipei_for_Olympic_Games.svg.png"
    },
    {
        "code_cio": "TTO[11]",
        "nom_pays": "Trinité-et-Tobago",
        "url_drapeau": "https://upload.wikimedia.org/wikipedia/commons/thumb/6/64/Flag_of_Trinidad_and_Tobago.svg/100px-Flag_of_Trinidad_and_Tobago.svg.png"
    },
    {
        "code_cio": "TUN",
        "nom_pays": "TunisieTunisie",
        "url_drapeau": "https://upload.wikimedia.org/wikipedia/commons/thumb/e/e9/Flag_of_Tunisia_%281959%E2%80%931999%29.svg/100px-Flag_of_Tunisia_%281959%E2%80%931999%29.svg.png"
    },
    {
        "code_cio": "TUR",
        "nom_pays": "Turquie",
        "url_drapeau": "https://upload.wikimedia.org/wikipedia/commons/thumb/b/b4/Flag_of_Turkey.svg/100px-Flag_of_Turkey.svg.png"
    },
    {
        "code_cio": "TUV",
        "nom_pays": "Tuvalu",
        "url_drapeau": "https://upload.wikimedia.org/wikipedia/commons/thumb/3/38/Flag_of_Tuvalu.svg/100px-Flag_of_Tuvalu.svg.png"
    },
    {
        "code_cio": "UAE",
        "nom_pays": "Émirats arabes unis",
        "url_drapeau": "https://upload.wikimedia.org/wikipedia/commons/thumb/c/cb/Flag_of_the_United_Arab_Emirates.svg/100px-Flag_of_the_United_Arab_Emirates.svg.png"
    },
    {
        "code_cio": "UGA",
        "nom_pays": "Ouganda",
        "url_drapeau": "https://upload.wikimedia.org/wikipedia/commons/thumb/4/4e/Flag_of_Uganda.svg/100px-Flag_of_Uganda.svg.png"
    },
    {
        "code_cio": "UKR",
        "nom_pays": "Ukraine",
        "url_drapeau": "https://upload.wikimedia.org/wikipedia/commons/thumb/4/49/Flag_of_Ukraine.svg/100px-Flag_of_Ukraine.svg.png"
    },
    {
        "code_cio": "URU",
        "nom_pays": "Uruguay",
        "url_drapeau": "https://upload.wikimedia.org/wikipedia/commons/thumb/f/fe/Flag_of_Uruguay.svg/100px-Flag_of_Uruguay.svg.png"
    },
    {
        "code_cio": "USA",
        "nom_pays": "États-Unis",
        "url_drapeau": "https://upload.wikimedia.org/wikipedia/commons/thumb/a/a4/Flag_of_the_United_States.svg/100px-Flag_of_the_United_States.svg.png"
    },
    {
        "code_cio": "UZB",
        "nom_pays": "Ouzbékistan",
        "url_drapeau": "https://upload.wikimedia.org/wikipedia/commons/thumb/8/84/Flag_of_Uzbekistan.svg/100px-Flag_of_Uzbekistan.svg.png"
    },
    {
        "code_cio": "VAN",
        "nom_pays": "Vanuatu",
        "url_drapeau": "https://upload.wikimedia.org/wikipedia/commons/thumb/b/bc/Flag_of_Vanuatu.svg/100px-Flag_of_Vanuatu.svg.png"
    },
    {
        "code_cio": "VEN",
        "nom_pays": "Venezuela",
        "url_drapeau": "https://upload.wikimedia.org/wikipedia/commons/thumb/0/06/Flag_of_Venezuela.svg/100px-Flag_of_Venezuela.svg.png"
    },
    {
        "code_cio": "VIE",
        "nom_pays": "Vietnam",
        "url_drapeau": "https://upload.wikimedia.org/wikipedia/commons/thumb/2/21/Flag_of_Vietnam.svg/100px-Flag_of_Vietnam.svg.png"
    },
    {
        "code_cio": "VIN",
        "nom_pays": "Saint-Vincent-et-les-Grenadines",
        "url_drapeau": "https://upload.wikimedia.org/wikipedia/commons/thumb/6/6d/Flag_of_Saint_Vincent_and_the_Grenadines.svg/100px-Flag_of_Saint_Vincent_and_the_Grenadines.svg.png"
    },
    {
        "code_cio": "YEM",
        "nom_pays": "Yémen",
        "url_drapeau": "https://upload.wikimedia.org/wikipedia/commons/thumb/8/89/Flag_of_Yemen.svg/100px-Flag_of_Yemen.svg.png"
    },
    {
        "code_cio": "ZAM",
        "nom_pays": "ZambieZambie",
        "url_drapeau": "https://upload.wikimedia.org/wikipedia/commons/thumb/d/dc/Flag_of_Zambia_%281964%E2%80%931996%29.svg/100px-Flag_of_Zambia_%281964%E2%80%931996%29.svg.png"
    },
    {
        "code_cio": "ZIM",
        "nom_pays": "Zimbabwe",
        "url_drapeau": "https://upload.wikimedia.org/wikipedia/commons/thumb/6/6a/Flag_of_Zimbabwe.svg/100px-Flag_of_Zimbabwe.svg.png"
    },
    {
        "code_cio": "AIA[10]",
        "nom_pays": "Anguilla",
        "url_drapeau": "https://upload.wikimedia.org/wikipedia/commons/thumb/b/b4/Flag_of_Anguilla.svg/100px-Flag_of_Anguilla.svg.png"
    },
    {
        "code_cio": "ANZ",
        "nom_pays": "Australasie",
        "url_drapeau": "https://upload.wikimedia.org/wikipedia/commons/thumb/5/51/Flag_of_Australasian_team_for_Olympic_games.svg/100px-Flag_of_Australasian_team_for_Olympic_games.svg.png"
    },
    {
        "code_cio": "BOH[10]",
        "nom_pays": "Bohême",
        "url_drapeau": "https://upload.wikimedia.org/wikipedia/commons/thumb/b/b1/Flag_of_Bohemia.svg/100px-Flag_of_Bohemia.svg.png"
    },
    {
        "code_cio": "BWI[10]",
        "nom_pays": "Fédération des Indes occidentales",
        "url_drapeau": "https://upload.wikimedia.org/wikipedia/commons/thumb/1/15/Flag_of_the_West_Indies_Federation_%281958%E2%80%931962%29.svg/100px-Flag_of_the_West_Indies_Federation_%281958%E2%80%931962%29.svg.png"
    },
    {
        "code_cio": "EUA",
        "nom_pays": "Équipe unifiée d'Allemagne(RFA et RDA)",
        "url_drapeau": "https://upload.wikimedia.org/wikipedia/commons/thumb/9/9a/German_Olympic_flag_%281959-1968%29.svg/100px-German_Olympic_flag_%281959-1968%29.svg.png"
    },
    {
        "code_cio": "EUN",
        "nom_pays": "Équipe unifiée aux Jeux olympiques(de l'ex-URSSouCEI)",
        "url_drapeau": ""
    },
    {
        "code_cio": "FRG[10]",
        "nom_pays": "République fédérale d'Allemagne, avant la réunification (Allemagne de l'Ouest)",
        "url_drapeau": "https://upload.wikimedia.org/wikipedia/commons/thumb/b/ba/Flag_of_Germany.svg/100px-Flag_of_Germany.svg.png"
    },
    {
        "code_cio": "GDR[10]",
        "nom_pays": "République démocratique allemande(Allemagne de l'Est)",
        "url_drapeau": "https://upload.wikimedia.org/wikipedia/commons/thumb/a/a1/Flag_of_East_Germany.svg/100px-Flag_of_East_Germany.svg.png"
    },
    {
        "code_cio": "IOA",
        "nom_pays": "« Athlètes olympiques/paralympiques indépendants » (Independent olympic/paralympic athlete)",
        "url_drapeau": "https://upload.wikimedia.org/wikipedia/commons/thumb/a/a7/Olympic_flag.svg/40px-Olympic_flag.svg.png"
    },
    {
        "code_cio": "IOP",
        "nom_pays": "« Participants olympiques/paralympiques indépendants »(Independent olympic/paralympic participant)",
        "url_drapeau": "https://upload.wikimedia.org/wikipedia/commons/thumb/a/a7/Olympic_flag.svg/40px-Olympic_flag.svg.png"
    },
    {
        "code_cio": "RHO[10]",
        "nom_pays": "Rhodésie",
        "url_drapeau": "https://upload.wikimedia.org/wikipedia/commons/thumb/0/02/Flag_of_Rhodesia_%281968%E2%80%931979%29.svg/100px-Flag_of_Rhodesia_%281968%E2%80%931979%29.svg.png"
    },
    {
        "code_cio": "SCG",
        "nom_pays": "Serbie-et-Monténégro",
        "url_drapeau": "https://upload.wikimedia.org/wikipedia/commons/thumb/3/3e/Flag_of_Serbia_and_Montenegro_%281992%E2%80%932006%29.svg/100px-Flag_of_Serbia_and_Montenegro_%281992%E2%80%932006%29.svg.png"
    },
    {
        "code_cio": "TCH",
        "nom_pays": "Tchécoslovaquie",
        "url_drapeau": "https://upload.wikimedia.org/wikipedia/commons/thumb/c/cb/Flag_of_the_Czech_Republic.svg/100px-Flag_of_the_Czech_Republic.svg.png"
    },
    {
        "code_cio": "RU1",
        "nom_pays": "Empire russe",
        "url_drapeau": "https://upload.wikimedia.org/wikipedia/commons/thumb/f/f3/Flag_of_Russia.svg/100px-Flag_of_Russia.svg.png"
    },
    {
        "code_cio": "UAR",
        "nom_pays": "République arabe unie",
        "url_drapeau": "https://upload.wikimedia.org/wikipedia/commons/thumb/e/e1/Flag_of_the_United_Arab_Republic_%281958%E2%80%931971%29%2C_Flag_of_Syria_%281980%E2%80%932024%29.svg/100px-Flag_of_the_United_Arab_Republic_%281958%E2%80%931971%29%2C_Flag_of_Syria_%281980%E2%80%932024%29.svg.png"
    },
    {
        "code_cio": "URS",
        "nom_pays": "Union des républiques socialistes soviétiques(URSS)",
        "url_drapeau": "https://upload.wikimedia.org/wikipedia/commons/thumb/a/a9/Flag_of_the_Soviet_Union.svg/100px-Flag_of_the_Soviet_Union.svg.png"
    },
    {
        "code_cio": "YUG",
        "nom_pays": "République fédérative socialiste de Yougoslavie",
        "url_drapeau": "https://upload.wikimedia.org/wikipedia/commons/thumb/6/61/Flag_of_Yugoslavia_%281946-1992%29.svg/100px-Flag_of_Yugoslavia_%281946-1992%29.svg.png"
    },
    {
        "code_cio": "YUG",
        "nom_pays": "République fédérale de Yougoslavie",
        "url_drapeau": "https://upload.wikimedia.org/wikipedia/commons/thumb/3/3e/Flag_of_Serbia_and_Montenegro_%281992%E2%80%932006%29.svg/100px-Flag_of_Serbia_and_Montenegro_%281992%E2%80%932006%29.svg.png"
    },
    {
        "code_cio": "ZZX",
        "nom_pays": "Drapeau olympiqueÉquipe mixte aux Jeux olympiques(Mouvement olympique)",
        "url_drapeau": "https://upload.wikimedia.org/wikipedia/commons/thumb/5/5c/Olympic_rings_without_rims.svg/40px-Olympic_rings_without_rims.svg.png"
    },
    {
        "code_cio": "FRO[10]",
        "nom_pays": "Îles Féroé",
        "url_drapeau": "https://upload.wikimedia.org/wikipedia/commons/thumb/3/3c/Flag_of_the_Faroe_Islands.svg/100px-Flag_of_the_Faroe_Islands.svg.png"
    },
    {
        "code_cio": "MAC[10]",
        "nom_pays": "Macao",
        "url_drapeau": "https://upload.wikimedia.org/wikipedia/commons/thumb/6/63/Flag_of_Macau.svg/100px-Flag_of_Macau.svg.png"
    },
    {
        "code_cio": "AFR[10]",
        "nom_pays": "Afrique",
        "url_drapeau": ""
    },
    {
        "code_cio": "AGR[12]",
        "nom_pays": "Algérie",
        "url_drapeau": "https://upload.wikimedia.org/wikipedia/commons/thumb/7/77/Flag_of_Algeria.svg/100px-Flag_of_Algeria.svg.png"
    },
    {
        "code_cio": "AHO[10]",
        "nom_pays": "Antilles néerlandaises",
        "url_drapeau": "https://upload.wikimedia.org/wikipedia/commons/thumb/a/ae/Flag_of_the_Netherlands_Antilles_%281986%E2%80%932010%29.svg/100px-Flag_of_the_Netherlands_Antilles_%281986%E2%80%932010%29.svg.png"
    },
    {
        "code_cio": "AME[10]",
        "nom_pays": "Amériques",
        "url_drapeau": ""
    },
    {
        "code_cio": "ARS[10]",
        "nom_pays": "Arabie saoudite",
        "url_drapeau": "https://upload.wikimedia.org/wikipedia/commons/thumb/0/0d/Flag_of_Saudi_Arabia.svg/100px-Flag_of_Saudi_Arabia.svg.png"
    },
    {
        "code_cio": "ASI[10]",
        "nom_pays": "Asie",
        "url_drapeau": ""
    },
    {
        "code_cio": "AUS[12]",
        "nom_pays": "Australie",
        "url_drapeau": "https://upload.wikimedia.org/wikipedia/commons/thumb/b/b9/Flag_of_Australia.svg/100px-Flag_of_Australia.svg.png"
    },
    {
        "code_cio": "AUT[12]",
        "nom_pays": "Autriche",
        "url_drapeau": "https://upload.wikimedia.org/wikipedia/commons/thumb/4/41/Flag_of_Austria.svg/100px-Flag_of_Austria.svg.png"
    },
    {
        "code_cio": "BAD[12]",
        "nom_pays": "Barbade",
        "url_drapeau": "https://upload.wikimedia.org/wikipedia/commons/thumb/e/ef/Flag_of_Barbados.svg/100px-Flag_of_Barbados.svg.png"
    },
    {
        "code_cio": "BIR[10]",
        "nom_pays": "Birmanie(avant Myanmar)",
        "url_drapeau": "https://upload.wikimedia.org/wikipedia/commons/thumb/8/8c/Flag_of_Myanmar.svg/100px-Flag_of_Myanmar.svg.png"
    },
    {
        "code_cio": "BLS[10]",
        "nom_pays": "Bélarus",
        "url_drapeau": ""
    },
    {
        "code_cio": "BOS[10]",
        "nom_pays": "Bosnie-Herzégovine",
        "url_drapeau": ""
    },
    {
        "code_cio": "BUR[10]",
        "nom_pays": "Birmanie",
        "url_drapeau": ""
    },
    {
        "code_cio": "CEY[10]",
        "nom_pays": "Ceylan(avant Sri Lanka)",
        "url_drapeau": "https://upload.wikimedia.org/wikipedia/commons/thumb/2/2e/Flag_of_Ceylon_%281951%E2%80%931972%29.svg/100px-Flag_of_Ceylon_%281951%E2%80%931972%29.svg.png"
    },
    {
        "code_cio": "CIS[10]",
        "nom_pays": "Communauté des États indépendants (CEI)",
        "url_drapeau": ""
    },
    {
        "code_cio": "CKN[10]",
        "nom_pays": "Congo-Kinshasa",
        "url_drapeau": ""
    },
    {
        "code_cio": "COB[10]",
        "nom_pays": "Congo-Brazzaville",
        "url_drapeau": ""
    },
    {
        "code_cio": "CSV[10]",
        "nom_pays": "Tchécoslovaquie",
        "url_drapeau": "https://upload.wikimedia.org/wikipedia/commons/thumb/c/cb/Flag_of_the_Czech_Republic.svg/100px-Flag_of_the_Czech_Republic.svg.png"
    },
    {
        "code_cio": "CUR[10]",
        "nom_pays": "Curaçao",
        "url_drapeau": "https://upload.wikimedia.org/wikipedia/commons/thumb/b/b1/Flag_of_Cura%C3%A7ao.svg/100px-Flag_of_Cura%C3%A7ao.svg.png"
    },
    {
        "code_cio": "DAH[10]",
        "nom_pays": "BéninBénin(puis Bénin)",
        "url_drapeau": "https://upload.wikimedia.org/wikipedia/commons/thumb/0/0a/Flag_of_Benin.svg/100px-Flag_of_Benin.svg.png"
    },
    {
        "code_cio": "DAY[12]",
        "nom_pays": "Bénin(avant Bénin)",
        "url_drapeau": "https://upload.wikimedia.org/wikipedia/commons/thumb/0/0a/Flag_of_Benin.svg/100px-Flag_of_Benin.svg.png"
    },
    {
        "code_cio": "DMN[10]",
        "nom_pays": "Dominique",
        "url_drapeau": "https://upload.wikimedia.org/wikipedia/commons/thumb/c/c4/Flag_of_Dominica.svg/100px-Flag_of_Dominica.svg.png"
    },
    {
        "code_cio": "ENG[10]",
        "nom_pays": "Angleterre",
        "url_drapeau": "https://upload.wikimedia.org/wikipedia/commons/thumb/b/be/Flag_of_England.svg/100px-Flag_of_England.svg.png"
    },
    {
        "code_cio": "EUR[10]",
        "nom_pays": "Europe",
        "url_drapeau": ""
    },
    {
        "code_cio": "GER",
        "nom_pays": "Empire allemand",
        "url_drapeau": "https://upload.wikimedia.org/wikipedia/commons/thumb/1/1f/Flag_of_Germany_%281867%E2%80%931918%29.svg/100px-Flag_of_Germany_%281867%E2%80%931918%29.svg.png"
    },
    {
        "code_cio": "GER",
        "nom_pays": "Allemagne",
        "url_drapeau": "https://upload.wikimedia.org/wikipedia/commons/thumb/b/ba/Flag_of_Germany.svg/100px-Flag_of_Germany.svg.png"
    },
    {
        "code_cio": "GER",
        "nom_pays": "Allemagne",
        "url_drapeau": "https://upload.wikimedia.org/wikipedia/commons/thumb/7/77/Flag_of_Germany_%281935%E2%80%931945%29.svg/100px-Flag_of_Germany_%281935%E2%80%931945%29.svg.png"
    },
    {
        "code_cio": "GRE",
        "nom_pays": "Grèce(ancien drapeau)",
        "url_drapeau": "https://upload.wikimedia.org/wikipedia/commons/thumb/6/6e/Flag_of_Greece_%281822-1978%29.svg/100px-Flag_of_Greece_%281822-1978%29.svg.png"
    },
    {
        "code_cio": "HBR[10]",
        "nom_pays": "Honduras britannique(avant Belize)",
        "url_drapeau": "https://upload.wikimedia.org/wikipedia/commons/thumb/f/f4/Flag_of_British_Honduras_%281919%E2%80%931981%29.svg/100px-Flag_of_British_Honduras_%281919%E2%80%931981%29.svg.png"
    },
    {
        "code_cio": "HEB[10]",
        "nom_pays": "Nouvelles-Hébrides(Condominium avant Vanuatu)",
        "url_drapeau": "https://upload.wikimedia.org/wikipedia/commons/thumb/8/83/Flag_of_the_United_Kingdom_%283-5%29.svg/100px-Flag_of_the_United_Kingdom_%283-5%29.svg.png"
    },
    {
        "code_cio": "HOL[10]",
        "nom_pays": "Pays-Bas",
        "url_drapeau": "https://upload.wikimedia.org/wikipedia/commons/thumb/2/20/Flag_of_the_Netherlands.svg/100px-Flag_of_the_Netherlands.svg.png"
    },
    {
        "code_cio": "ICE[10]",
        "nom_pays": "Islande",
        "url_drapeau": "https://upload.wikimedia.org/wikipedia/commons/thumb/c/ce/Flag_of_Iceland.svg/100px-Flag_of_Iceland.svg.png"
    },
    {
        "code_cio": "IHO[10]",
        "nom_pays": "Indes orientales néerlandaises(avant unification et indépendance totale de l’Indonésie)",
        "url_drapeau": "https://upload.wikimedia.org/wikipedia/commons/thumb/2/20/Flag_of_the_Netherlands.svg/100px-Flag_of_the_Netherlands.svg.png"
    },
    {
        "code_cio": "IVC[10]",
        "nom_pays": "Côte d’Ivoire",
        "url_drapeau": "https://upload.wikimedia.org/wikipedia/commons/thumb/f/fe/Flag_of_C%C3%B4te_d%27Ivoire.svg/100px-Flag_of_C%C3%B4te_d%27Ivoire.svg.png"
    },
    {
        "code_cio": "JAP[10]",
        "nom_pays": "Japon",
        "url_drapeau": "https://upload.wikimedia.org/wikipedia/commons/thumb/9/9e/Flag_of_Japan.svg/100px-Flag_of_Japan.svg.png"
    },
    {
        "code_cio": "KIT",
        "nom_pays": "Royaume d’Italie",
        "url_drapeau": "https://upload.wikimedia.org/wikipedia/commons/thumb/7/78/Flag_of_Italy_%281861%E2%80%931946%29.svg/100px-Flag_of_Italy_%281861%E2%80%931946%29.svg.png"
    },
    {
        "code_cio": "KZK[10]",
        "nom_pays": "Kazakhstan",
        "url_drapeau": "https://upload.wikimedia.org/wikipedia/commons/thumb/d/d3/Flag_of_Kazakhstan.svg/100px-Flag_of_Kazakhstan.svg.png"
    },
    {
        "code_cio": "LIT[10]",
        "nom_pays": "Lituanie",
        "url_drapeau": "https://upload.wikimedia.org/wikipedia/commons/thumb/1/11/Flag_of_Lithuania.svg/100px-Flag_of_Lithuania.svg.png"
    },
    {
        "code_cio": "MAU[10]",
        "nom_pays": "Maurice",
        "url_drapeau": "https://upload.wikimedia.org/wikipedia/commons/thumb/7/77/Flag_of_Mauritius.svg/100px-Flag_of_Mauritius.svg.png"
    },
    {
        "code_cio": "MOL[10]",
        "nom_pays": "Moldavie",
        "url_drapeau": "https://upload.wikimedia.org/wikipedia/commons/thumb/2/27/Flag_of_Moldova.svg/100px-Flag_of_Moldova.svg.png"
    },
    {
        "code_cio": "MOR[10]",
        "nom_pays": "Maroc",
        "url_drapeau": "https://upload.wikimedia.org/wikipedia/commons/thumb/2/2c/Flag_of_Morocco.svg/100px-Flag_of_Morocco.svg.png"
    },
    {
        "code_cio": "MSR[10]",
        "nom_pays": "Montserrat",
        "url_drapeau": "https://upload.wikimedia.org/wikipedia/commons/thumb/d/d0/Flag_of_Montserrat.svg/100px-Flag_of_Montserrat.svg.png"
    },
    {
        "code_cio": "ROC",
        "nom_pays": "République de Chine (1912-1949)puisRépublique de Chine (Taïwan)",
        "url_drapeau": "https://upload.wikimedia.org/wikipedia/commons/thumb/7/72/Flag_of_the_Republic_of_China.svg/100px-Flag_of_the_Republic_of_China.svg.png"
    },
    {
        "code_cio": "SIN",
        "nom_pays": "Singapour",
        "url_drapeau": "https://upload.wikimedia.org/wikipedia/commons/thumb/4/48/Flag_of_Singapore.svg/100px-Flag_of_Singapore.svg.png"
    },
    {
        "code_cio": "TRI",
        "nom_pays": "Trinité-et-Tobago",
        "url_drapeau": "https://upload.wikimedia.org/wikipedia/commons/thumb/6/64/Flag_of_Trinidad_and_Tobago.svg/100px-Flag_of_Trinidad_and_Tobago.svg.png"
    },
    {
        "code_cio": "VOL[12]",
        "nom_pays": "Haute-Volta",
        "url_drapeau": "https://upload.wikimedia.org/wikipedia/commons/thumb/4/4a/Flag_of_Upper_Volta.svg/100px-Flag_of_Upper_Volta.svg.png"
    },
    {
        "code_cio": "ZAI",
        "nom_pays": "Zaïre",
        "url_drapeau": "https://upload.wikimedia.org/wikipedia/commons/thumb/f/f8/Flag_of_Zaire_%281971%E2%80%931997%29.svg/100px-Flag_of_Zaire_%281971%E2%80%931997%29.svg.png"
    },
    {
        "code_cio": "SCO",
        "nom_pays": "Écosse",
        "url_drapeau": "https://upload.wikimedia.org/wikipedia/commons/thumb/1/10/Flag_of_Scotland.svg/100px-Flag_of_Scotland.svg.png"
    },
    {
        "code_cio": "NIR",
        "nom_pays": "Irlande du Nord",
        "url_drapeau": "https://upload.wikimedia.org/wikipedia/commons/thumb/4/43/Flag_of_Northern_Ireland_%281953%E2%80%931972%29.svg/100px-Flag_of_Northern_Ireland_%281953%E2%80%931972%29.svg.png"
    },
    {
        "code_cio": "WAL",
        "nom_pays": "Pays de Galles",
        "url_drapeau": "https://upload.wikimedia.org/wikipedia/commons/thumb/d/dc/Flag_of_Wales.svg/100px-Flag_of_Wales.svg.png"
    }
]